Workbook

Sheet CEO Data
A1: Fortune 500 CEO Dataset — Working With Business Partners Assignment
A2: Source: SEC Proxy Filings, Fortune.com, Company Annual Reports (2024)
A4: CEO Name | B4: Company | C4: Industry | D4: Gender | E4: CEO Since | F4: Tenure (Yrs) | G4: 2024 Comp ($M) | H4: Hire Type | I4: 2024 Rev Growth (%) | J4: CEO-to-Worker Ratio | K4: Notes
A5: Mary Barra | B5: General Motors | C5: Automotive | D5: F | E5: 2014 | F5: 11 | G5: 29.5 | H5: Internal | I5: -3 | J5: 310:1 | K5: Highest paid Detroit 3 CEO; internal hire since 1980
A6: Andy Jassy | B6: Amazon | C6: Technology | D6: M | E6: 2021 | F6: 4 | G6: 40.1 | H6: Internal | I6: 11 | J6: 43:1 | K6: Succeeded Jeff Bezos; former AWS CEO; comp driven by vested stock
A7: Brian Moynihan | B7: Bank of America | C7: Finance | D7: M | E7: 2010 | F7: 15 | G7: 35 | H7: Internal | I7: 2 | J7: N/A | K7: Longest tenured in dataset; 21% pay increase in 2024
A8: Satya Nadella | B8: Microsoft | C8: Technology | D8: M | E8: 2014 | F8: 11 | G8: 79.1 | H8: Internal | I8: 16 | J8: 408:1 | K8: Highest comp in dataset; 63% increase driven by AI-era stock awards
A9: Sundar Pichai | B9: Alphabet | C9: Technology | D9: M | E9: 2015 | F9: 10 | G9: 10.7 | H9: Internal | I9: 14 | J9: N/A | K9: Non-grant year; 2022 total was $226M (triennial stock cycle)
A10: Gail Boudreaux | B10: Elevance Health | C10: Healthcare | D10: F | E10: 2017 | F10: 7 | G10: 20.5 | H10: External | I10: -4 | J10: N/A | K10: External hire; Medicaid pressures drove negative performance in 2024
A11: David Ricks | B11: Eli Lilly | C11: Pharma | D11: M | E11: 2017 | F11: 8 | G11: 29.2 | H11: Internal | I11: 32 | J11: N/A | K11: Highest rev growth in dataset; Ozempic/GLP-1 era; mkt cap ~$781B
A12: Doug McMillon | B12: Walmart | C12: Retail | D12: M | E12: 2014 | F12: 11 | G12: 27.4 | H12: Internal | I12: 6 | J12: 930:1 | K12: Highest CEO-to-worker ratio in dataset; 30+ yr Walmart career
A13: Thasunda Duckett | B13: TIAA | C13: Finance | D13: F | E13: 2021 | F13: 4 | G13: 18 | H13: External | I13: 0 | J13: N/A | K13: Est. comp; TIAA is private — no public disclosure; external hire
A14: Karen Lynch | B14: CVS Health | C14: Healthcare | D14: F | E14: 2021 | F14: 3 | G14: 12 | H14: External | I14: -5 | J14: N/A | K14: Removed Oct 2024; shortest tenure; external hire; Medicare Advantage failure
A15: SUMMARY STATISTICS | E15: =COUNTA(E5:E14) -> 10 | F15: =AVERAGE(F5:F14) -> 8.4 | G15: =AVERAGE(G5:G14) -> 30.15 | I15: =AVERAGEIF(I5:I14,"<>0",I5:I14) -> 7.6666667
A17: Gender Breakdown | B17: =COUNTIF(D5:D14,"F") & " Female / " & COUNTIF(D5:D14,"M") & " Male" -> 4 Female / 6 Male
A18: Hire Type Breakdown | B18: =COUNTIF(H5:H14,"Internal") & " Internal / " & COUNTIF(H5:H14,"External") & " External" -> 7 Internal / 3 External
A20: * Estimates: TIAA (private co.) and Karen Lynch (removed mid-year) comp figures are approximate. All other figures from SEC proxy filings.
A21: ** Revenue growth % for TIAA listed as 0 — private company, no public comparable figure available.

Sheet Chart Data
A1: CEO Name | B1: 2024 Comp ($M) | C1: Tenure (Yrs) | D1: Rev Growth (%) | E1: Gender | F1: Hire Type
A2: ='CEO Data'!A5 -> Mary Barra | B2: ='CEO Data'!G5 -> 29.5 | C2: ='CEO Data'!F5 -> 11 | D2: ='CEO Data'!I5 -> -3 | E2: ='CEO Data'!D5 -> F | F2: ='CEO Data'!H5 -> Internal
A3: ='CEO Data'!A6 -> Andy Jassy | B3: ='CEO Data'!G6 -> 40.1 | C3: ='CEO Data'!F6 -> 4 | D3: ='CEO Data'!I6 -> 11 | E3: ='CEO Data'!D6 -> M | F3: ='CEO Data'!H6 -> Internal
A4: ='CEO Data'!A7 -> Brian Moynihan | B4: ='CEO Data'!G7 -> 35 | C4: ='CEO Data'!F7 -> 15 | D4: ='CEO Data'!I7 -> 2 | E4: ='CEO Data'!D7 -> M | F4: ='CEO Data'!H7 -> Internal
A5: ='CEO Data'!A8 -> Satya Nadella | B5: ='CEO Data'!G8 -> 79.1 | C5: ='CEO Data'!F8 -> 11 | D5: ='CEO Data'!I8 -> 16 | E5: ='CEO Data'!D8 -> M | F5: ='CEO Data'!H8 -> Internal
A6: ='CEO Data'!A9 -> Sundar Pichai | B6: ='CEO Data'!G9 -> 10.7 | C6: ='CEO Data'!F9 -> 10 | D6: ='CEO Data'!I9 -> 14 | E6: ='CEO Data'!D9 -> M | F6: ='CEO Data'!H9 -> Internal
A7: ='CEO Data'!A10 -> Gail Boudreaux | B7: ='CEO Data'!G10 -> 20.5 | C7: ='CEO Data'!F10 -> 7 | D7: ='CEO Data'!I10 -> -4 | E7: ='CEO Data'!D10 -> F | F7: ='CEO Data'!H10 -> External
A8: ='CEO Data'!A11 -> David Ricks | B8: ='CEO Data'!G11 -> 29.2 | C8: ='CEO Data'!F11 -> 8 | D8: ='CEO Data'!I11 -> 32 | E8: ='CEO Data'!D11 -> M | F8: ='CEO Data'!H11 -> Internal
A9: ='CEO Data'!A12 -> Doug McMillon | B9: ='CEO Data'!G12 -> 27.4 | C9: ='CEO Data'!F12 -> 11 | D9: ='CEO Data'!I12 -> 6 | E9: ='CEO Data'!D12 -> M | F9: ='CEO Data'!H12 -> Internal
A10: ='CEO Data'!A13 -> Thasunda Duckett | B10: ='CEO Data'!G13 -> 18 | C10: ='CEO Data'!F13 -> 4 | D10: ='CEO Data'!I13 -> 0 | E10: ='CEO Data'!D13 -> F | F10: ='CEO Data'!H13 -> External
A11: ='CEO Data'!A14 -> Karen Lynch | B11: ='CEO Data'!G14 -> 12 | C11: ='CEO Data'!F14 -> 3 | D11: ='CEO Data'!I14 -> -5 | E11: ='CEO Data'!D14 -> F | F11: ='CEO Data'!H14 -> External

Sheet Gender & Hire
A1: Gender | B1: Count | D1: Hire Type | E1: Count | F1: Avg Rev Growth (%)
A2: Female | B2: =COUNTIF('CEO Data'!D5:D14,"F") -> 4 | D2: Internal | E2: =COUNTIF('CEO Data'!H5:H14,"Internal") -> 7 | F2: =AVERAGEIF('CEO Data'!H5:H14,"Internal",'CEO Data'!I5:I14) -> 11.142857
A3: Male | B3: =COUNTIF('CEO Data'!D5:D14,"M") -> 6 | D3: External | E3: =COUNTIF('CEO Data'!H5:H14,"External") -> 3 | F3: =AVERAGEIF('CEO Data'!H5:H14,"External",'CEO Data'!I5:I14) -> -3
